DATE,NAEXKP01USQ652S,USAGFCFQDSMEI,USAPFCEQDSMEI,W068RCQ027SBEA,HOANBS,FEDFUNDS,COMPRNFB,EXPGS,IMPGS,NCBEILQ027S,TNWMVBSNNCB,UNRATE,CPIAUCSL,B075RC1Q027SBEA
1945-10-01,,,,,,,,,,103694.0,199.112,,,
1946-01-01,,,,,,,,,,,,,,
1946-04-01,,,,,,,,,,,,,,
1946-07-01,,,,,,,,,,,,,,
1946-10-01,,,,,,,,,,97302.0,212.596,,,
1947-01-01,,,,,41.766,,34.402,18.394,7.519,,,,21.48,10.876
1947-02-01,,,,,,,,,,,,,21.62,
1947-03-01,,,,,,,,,,,,,22.0,
1947-04-01,,,,,41.776,,34.686,19.497,8.203,,,,22.0,10.296
1947-05-01,,,,,,,,,,,,,21.95,
1947-06-01,,,,,,,,,,,,,22.08,
1947-07-01,,,,,41.891,,34.952,19.433,7.663,,,,22.23,10.144
1947-08-01,,,,,,,,,,,,,22.4,
1947-09-01,,,,,,,,,,,,,22.84,
1947-10-01,,,,,42.297,,34.796,17.636,8.347,95116.0,248.424,,22.91,11.04
1947-11-01,,,,,,,,,,,,,23.06,
1947-12-01,,,,,,,,,,,,,23.41,
1948-01-01,,,,,42.565,,34.878,16.917,9.624,,,3.4,23.68,11.352
1948-02-01,,,,,,,,,,,,3.8,23.67,
1948-03-01,,,,,,,,,,,,4.0,23.5,
1948-04-01,,,,,42.547,,34.792,15.241,10.036,,,3.9,23.82,11.956
1948-05-01,,,,,,,,,,,,3.5,24.01,
1948-06-01,,,,,,,,,,,,3.6,24.15,
1948-07-01,,,,,42.847,,34.921,15.405,10.456,,,3.6,24.4,11.728
1948-08-01,,,,,,,,,,,,3.9,24.43,
1948-09-01,,,,,,,,,,,,3.8,24.36,
1948-10-01,,,,,42.453,,35.586,14.625,10.124,94141.0,271.21,3.7,24.31,11.296
1948-11-01,,,,,,,,,,,,3.8,24.16,
1948-12-01,,,,,,,,,,,,4.0,24.05,
1949-01-01,,,,,41.739,,36.14,16.082,9.604,,,4.3,24.01,10.18
1949-02-01,,,,,,,,,,,,4.7,23.91,
1949-03-01,,,,,,,,,,,,5.0,23.91,
1949-04-01,,,,,41.052,,36.25,15.647,9.364,,,5.3,23.92,8.944
1949-05-01,,,,,,,,,,,,6.1,23.91,
1949-06-01,,,,,,,,,,,,6.2,23.92,
1949-07-01,,,,,40.609,,36.645,14.115,8.936,,,6.7,23.7,9.336
1949-08-01,,,,,,,,,,,,6.8,23.7,
1949-09-01,,,,,,,,,,,,6.6,23.75,
1949-10-01,,,,,40.436,,36.623,12.091,9.092,103822.0,279.525,7.9,23.67,9.16
1949-11-01,,,,,,,,,,,,6.4,23.7,
1949-12-01,,,,,,,,,,,,6.6,23.61,
1950-01-01,,,,,40.753,,37.683,11.704,9.501,,,6.5,23.51,12.856
1950-02-01,,,,,,,,,,,,6.4,23.61,
1950-03-01,,,,,,,,,,,,6.3,23.64,
1950-04-01,,,,,41.761,,38.212,11.872,10.229,,,5.8,23.65,15.408
1950-05-01,,,,,,,,,,,,5.5,23.77,
1950-06-01,,,,,,,,,,,,5.4,23.88,
1950-07-01,,,,,43.074,,38.271,12.293,13.033,,,5.0,24.07,18.864
1950-08-01,,,,,,,,,,,,4.5,24.2,
1950-09-01,,,,,,,,,,,,4.4,24.34,
1950-10-01,,,,,43.473,,38.454,13.531,13.685,126681.0,302.233,4.2,24.5,20.704
1950-11-01,,,,,,,,,,,,4.2,24.6,
1950-12-01,,,,,,,,,,,,4.3,24.98,
1951-01-01,,,,,44.203,,37.839,15.043,14.866,,,3.7,25.38,25.02
1951-02-01,,,,,,,,,,,,3.4,25.83,
1951-03-01,,,,,,,,,,,,3.4,25.88,
1951-04-01,,,,,44.558,,38.307,17.121,15.178,,,3.1,25.92,21.132
1951-05-01,,,,,,,,,,,,3.0,25.99,
1951-06-01,,,,,,,,,,,,3.2,25.93,
1951-07-01,,,,,44.13,,38.753,18.052,14.31,,,3.1,25.91,19.1
1951-08-01,,,,,,,,,,,,3.1,25.86,
1951-09-01,,,,,,,,,,,,3.3,26.03,
1951-10-01,,,,,44.152,,38.916,18.18,13.99,147629.0,315.989,3.5,26.16,20.432
1951-11-01,,,,,,,,,,,,3.5,26.32,
1951-12-01,,,,,,,,,,,,3.1,26.47,
1952-01-01,,,,,44.437,,39.179,18.679,14.958,151463.0,324.799,3.2,26.45,18.684
1952-02-01,,,,,,,,,,,,3.1,26.41,
1952-03-01,,,,,,,,,,,,2.9,26.39,
1952-04-01,,,,,44.251,,39.369,16.581,14.63,157607.0,323.652,2.9,26.46,17.576
1952-05-01,,,,,,,,,,,,3.0,26.47,
1952-06-01,,,,,,,,,,,,3.0,26.53,
1952-07-01,,,,,44.571,,39.589,15.246,15.25,156907.0,324.571,3.2,26.68,17.516
1952-08-01,,,,,,,,,,,,3.4,26.69,
1952-09-01,,,,,,,,,,,,3.1,26.63,
1952-10-01,,,,,45.753,,40.54,15.329,16.342,146628.0,337.706,3.0,26.69,19.348
1952-11-01,,,,,,,,,,,,2.8,26.69,
1952-12-01,,,,,,,,,,,,2.7,26.71,
1953-01-01,,,,,46.223,,41.127,15.128,15.795,143052.0,345.574,2.9,26.64,20.42
1953-02-01,,,,,,,,,,,,2.6,26.59,
1953-03-01,,,,,,,,,,,,2.6,26.63,
1953-04-01,,,,,46.308,,41.456,15.196,16.447,133816.0,360.807,2.7,26.69,20.508
1953-05-01,,,,,,,,,,,,2.5,26.7,
1953-06-01,,,,,,,,,,,,2.5,26.77,
1953-07-01,,,,,45.853,,41.701,15.755,16.307,129274.0,371.12,2.6,26.79,20.032
1953-08-01,,,,,,,,,,,,2.7,26.85,
1953-09-01,,,,,,,,,,,,2.9,26.89,
1953-10-01,,,,,45.137,,42.033,15.172,15.507,144082.0,355.862,3.1,26.95,15.58
1953-11-01,,,,,,,,,,,,3.5,26.85,
1953-12-01,,,,,,,,,,,,4.5,26.87,
1954-01-01,,,,,44.53,,42.286,14.424,14.78,156255.0,348.101,4.9,26.94,15.376
1954-02-01,,,,,,,,,,,,5.2,26.99,
1954-03-01,,,,,,,,,,,,5.7,26.93,
1954-04-01,,,,,44.197,,42.402,16.438,16.184,172550.0,336.348,5.9,26.86,15.872
1954-05-01,,,,,,,,,,,,5.9,26.93,
1954-06-01,,,,,,,,,,,,5.6,26.94,
1954-07-01,,,,,44.025,0.8,42.85,15.878,15.304,191985.0,318.456,5.8,26.86,16.872
1954-08-01,,,,,,1.22,,,,,,6.0,26.85,
1954-09-01,,,,,,1.07,,,,,,6.1,26.81,
1954-10-01,,,,,44.571,0.85,43.406,16.605,15.46,194840.0,316.573,5.7,26.72,18.18
1954-11-01,,,,,,0.83,,,,,,5.3,26.78,
1954-12-01,,,,,,1.28,,,,,,5.0,26.77,
1955-01-01,,,,,45.286,1.39,43.648,17.273,16.169,202122.0,315.177,4.9,26.77,20.196
1955-02-01,,,,,,1.29,,,,,,4.7,26.82,
1955-03-01,,,,,,1.35,,,,,,4.6,26.79,
1955-04-01,,,,,45.88,1.43,44.072,16.942,17.097,225533.0,299.97,4.7,26.79,20.432
1955-05-01,,,,,,1.43,,,,,,4.3,26.77,
1955-06-01,,,,,,1.64,,,,,,4.2,26.71,
1955-07-01,,,,,46.361,1.68,44.821,18.145,17.421,240995.0,295.57,4.0,26.76,20.908
1955-08-01,,,,,,1.96,,,,,,4.2,26.72,
1955-09-01,,,,,,2.18,,,,,,4.1,26.85,
1955-10-01,,,,,46.918,2.24,45.091,18.349,18.109,244222.0,303.202,4.3,26.82,21.748
1955-11-01,,,,,,2.35,,,,,,4.2,26.88,
1955-12-01,,,,,,2.48,,,,,,4.2,26.87,
1956-01-01,,,,,47.205,2.45,45.787,19.365,18.925,262345.0,302.163,4.0,26.83,20.64
1956-02-01,,,,,,2.5,,,,,,3.9,26.86,
1956-03-01,,,,,,2.5,,,,,,4.2,26.89,
1956-04-01,,,,,47.307,2.62,46.364,20.882,18.973,252704.0,317.85,4.0,26.93,21.028
1956-05-01,,,,,,2.75,,,,,,4.3,27.03,
1956-06-01,,,,,,2.71,,,,,,4.3,27.15,
1956-07-01,,,,,47.115,2.75,46.595,21.822,19.253,246833.0,337.364,4.4,27.29,19.72
1956-08-01,,,,,,2.73,,,,,,4.1,27.31,
1956-09-01,,,,,,2.95,,,,,,3.9,27.35,
1956-10-01,,,,,47.376,2.96,46.981,23.068,18.541,268373.0,325.092,3.9,27.51,20.8
1956-11-01,,,,,,2.88,,,,,,4.3,27.51,
1956-12-01,,,,,,2.94,,,,,,4.2,27.63,
1957-01-01,,,,,47.422,2.84,47.261,24.919,20.1,254023.0,349.607,4.2,27.67,21.256
1957-02-01,,,,,,3.0,,,,,,3.9,27.8,
1957-03-01,,,,,,2.96,,,,,,3.7,27.86,
1957-04-01,,,,,47.321,3.0,47.332,24.369,20.27,273076.0,338.542,3.9,27.93,20.316
1957-05-01,,,,,,3.0,,,,,,4.1,28.0,
1957-06-01,,,,,,3.0,,,,,,4.3,28.11,
1957-07-01,,,,,47.093,2.99,47.535,23.759,19.762,245392.0,372.584,4.2,28.19,19.844
1957-08-01,,,,,,3.24,,,,,,4.1,28.28,
1957-09-01,,,,,,3.47,,,,,,4.4,28.32,
1957-10-01,,,,,46.121,3.5,47.94,23.022,19.634,245747.0,373.258,4.5,28.32,18.028
1957-11-01,,,,,,3.28,,,,,,5.1,28.41,
1957-12-01,,,,,,2.98,,,,,,5.2,28.47,
1958-01-01,,,,,45.089,2.72,47.38,20.534,19.455,261319.0,361.61,5.8,28.64,15.44
1958-02-01,,,,,,1.67,,,,,,6.4,28.7,
1958-03-01,,,,,,1.2,,,,,,6.7,28.87,
1958-04-01,,,,,44.427,1.26,47.487,20.546,20.075,278565.0,348.92,7.4,28.94,15.768
1958-05-01,,,,,,0.63,,,,,,7.4,28.94,
1958-06-01,,,,,,0.93,,,,,,7.3,28.91,
1958-07-01,,,,,44.959,0.68,48.616,20.595,19.739,310541.0,322.07,7.5,28.89,17.876
1958-08-01,,,,,,1.53,,,,,,7.4,28.94,
1958-09-01,,,,,,1.76,,,,,,7.1,28.91,
1958-10-01,,,,,45.631,1.8,48.764,20.563,20.823,324670.0,311.542,6.7,28.91,20.66
1958-11-01,,,,,,2.27,,,,,,6.2,28.95,
1958-12-01,,,,,,2.42,,,,,,6.2,28.97,
1959-01-01,,,,,46.515,2.48,49.158,21.915,21.396,332012.0,310.865,6.0,29.01,21.56
1959-02-01,,,,,,2.43,,,,,,5.9,29.0,
1959-03-01,,,,,,2.8,,,,,,5.6,28.97,
1959-04-01,,,,,47.395,2.96,49.492,21.776,22.544,346451.0,303.853,5.2,28.98,23.604
1959-05-01,,,,,,2.9,,,,,,5.1,29.04,
1959-06-01,,,,,,3.39,,,,,,5.0,29.11,
1959-07-01,,,,,47.256,3.47,49.523,24.079,22.868,339875.0,317.211,5.1,29.15,20.896
1959-08-01,,,,,,3.5,,,,,,5.2,29.18,
1959-09-01,,,,,,3.76,,,,,,5.5,29.25,
1959-10-01,,,,,47.269,3.98,49.693,23.131,22.504,362157.0,298.581,5.7,29.35,20.232
1959-11-01,,,,,,4.0,,,,,,5.8,29.35,
1959-12-01,,,,,,3.99,,,,,,5.3,29.41,
1960-01-01,3517181000000.0,30094250000.0,81591000000.0,144.233,47.566,3.99,50.712,26.145,23.288,339310.0,324.128,5.2,29.37,22.704
1960-02-01,,,,,,3.97,,,,,,4.8,29.41,
1960-03-01,,,,,,3.84,,,,,,5.4,29.41,
1960-04-01,3498246000000.0,29766500000.0,83052000000.0,147.417,47.645,3.92,50.735,26.85,23.455,347588.0,317.783,5.2,29.54,20.772
1960-05-01,,,,,,3.85,,,,,,5.1,29.57,
1960-06-01,,,,,,3.32,,,,,,5.4,29.61,
1960-07-01,3515385000000.0,29724250000.0,83031500000.0,150.459,47.379,3.23,51.004,27.561,22.879,321285.0,348.503,5.5,29.55,19.844
1960-08-01,,,,,,2.98,,,,,,5.6,29.61,
1960-09-01,,,,,,2.6,,,,,,5.5,29.61,
1960-10-01,3470278000000.0,29663500000.0,83506000000.0,153.78,46.946,2.47,50.889,27.622,21.742,365166.0,302.198,6.1,29.75,18.88
1960-11-01,,,,,,2.44,,,,,,6.1,29.78,
1960-12-01,,,,,,1.98,,,,,,6.6,29.81,
1961-01-01,3493703000000.0,30138250000.0,83630000000.0,157.254,46.676,1.45,51.236,27.56,21.658,410353.0,262.352,6.6,29.84,18.696
1961-02-01,,,,,,2.54,,,,,,6.9,29.84,
1961-03-01,,,,,,2.02,,,,,,6.9,29.84,
1961-04-01,3553021000000.0,30206750000.0,84863750000.0,160.737,46.569,1.49,51.973,26.627,21.899,411555.0,269.133,7.0,29.81,20.072
1961-05-01,,,,,,1.98,,,,,,7.1,29.84,
1961-06-01,,,,,,1.73,,,,,,6.9,29.84,
1961-07-01,3621252000000.0,31027750000.0,85583000000.0,162.661,46.844,1.17,52.159,27.779,23.326,423621.0,263.941,7.0,29.92,21.288
1961-08-01,,,,,,2.0,,,,,,6.6,29.94,
1961-09-01,,,,,,1.88,,,,,,6.7,29.98,
1961-10-01,3692289000000.0,32134250000.0,87398250000.0,166.344,47.437,2.26,52.467,28.442,23.87,437674.0,253.247,6.5,29.98,23.16
1961-11-01,,,,,,2.61,,,,,,6.1,29.98,
1961-12-01,,,,,,2.33,,,,,,6.0,30.01,
1962-01-01,3758147000000.0,32654500000.0,88705500000.0,170.892,47.612,2.15,53.096,28.325,24.314,427931.0,260.004,5.8,30.04,21.536
1962-02-01,,,,,,2.37,,,,,,5.5,30.11,
1962-03-01,,,,,,2.85,,,,,,5.6,30.17,
1962-04-01,3792149000000.0,33279000000.000004,90114500000.0,173.125,48.178,2.78,53.255,29.662,24.884,326582.0,260.306,5.6,30.21,21.268
1962-05-01,,,,,,2.36,,,,,,5.5,30.24,
1962-06-01,,,,,,2.68,,,,,,5.5,30.21,
1962-07-01,3838776000000.0,33771250000.000004,91083250000.0,175.597,48.08,2.71,53.478,29.593,25.111,345363.0,267.231,5.4,30.22,21.912
1962-08-01,,,,,,2.93,,,,,,5.7,30.28,
1962-09-01,,,,,,2.9,,,,,,5.6,30.42,
1962-10-01,3851421000000.0,33768250000.0,92654500000.0,178.206,47.785,2.9,53.83,28.683,25.55,424314.0,272.75,5.4,30.38,21.968
1962-11-01,,,,,,2.94,,,,,,5.7,30.38,
1962-12-01,,,,,,2.93,,,,,,5.5,30.38,
1963-01-01,3893482000000.0,34018750000.0,93570750000.0,179.393,48.072,2.92,54.193,29.161,25.185,447981.0,279.018,5.7,30.44,22.048
1963-02-01,,,,,,3.0,,,,,,5.9,30.48,
1963-03-01,,,,,,2.98,,,,,,5.7,30.51,
1963-04-01,3937183000000.0,35091500000.0,94603250000.0,180.369,48.38,2.9,54.367,31.448,25.89,469026.0,285.668,5.7,30.48,23.624
1963-05-01,,,,,,3.0,,,,,,5.9,30.51,
1963-06-01,,,,,,2.99,,,,,,5.6,30.61,
1963-07-01,4023755000000.0,36178000000.0,96348500000.0,184.862,48.511,3.02,54.59,31.215,26.704,487677.0,293.405,5.6,30.69,24.288
1963-08-01,,,,,,3.49,,,,,,5.4,30.75,
1963-09-01,,,,,,3.48,,,,,,5.5,30.72,
1963-10-01,4050147000000.0,36814000000.0,97512250000.0,186.792,48.889,3.5,55.062,32.474,26.764,465779.0,295.675,5.5,30.75,24.832
1963-11-01,,,,,,3.48,,,,,,5.7,30.78,
1963-12-01,,,,,,3.38,,,,,,5.5,30.88,
1964-01-01,4135553000000.0,37781500000.0,99895250000.0,190.075,49.902,3.48,54.663,34.192,26.978,495027.0,305.205,5.6,30.94,24.408
1964-02-01,,,,,,3.48,,,,,,5.4,30.91,
1964-03-01,,,,,,3.43,,,,,,5.4,30.94,
1964-04-01,4180592000000.0,38140750000.0,101884000000.0,192.97,50.122,3.47,55.183,34.03,27.726,511094.0,316.54,5.3,30.95,24.404
1964-05-01,,,,,,3.5,,,,,,5.1,30.98,
1964-06-01,,,,,,3.5,,,,,,5.2,31.01,
1964-07-01,4245918000000.0,38626500000.0,104105500000.0,193.295,50.444,3.42,55.785,35.375,28.429,528953.0,325.583,4.9,31.02,24.94
1964-08-01,,,,,,3.5,,,,,,5.0,31.05,
1964-09-01,,,,,,3.45,,,,,,5.1,31.08,
1964-10-01,4259046000000.001,39172500000.0,104746750000.0,192.973,50.935,3.36,55.937,36.48,29.285,545955.0,329.383,5.1,31.12,24.484
1964-11-01,,,,,,3.52,,,,,,4.8,31.21,
1964-12-01,,,,,,3.85,,,,,,5.0,31.25,
1965-01-01,4362111000000.0,40298500000.0,107427750000.0,196.198,51.723,3.9,55.997,32.969,28.457,559834.0,339.113,4.9,31.28,26.284
1965-02-01,,,,,,3.98,,,,,,5.1,31.28,
1965-03-01,,,,,,4.05,,,,,,4.7,31.31,
1965-04-01,4417225000000.0,41348250000.0,109160500000.0,200.088,52.237,4.09,56.013,38.367,31.679,539451.0,347.283,4.8,31.38,27.104
1965-05-01,,,,,,4.1,,,,,,4.6,31.48,
1965-06-01,,,,,,4.05,,,,,,4.6,31.61,
1965-07-01,4515427000000.0,42703250000.0,111451000000.0,208.98,52.365,4.09,56.439,37.551,32.03,587928.0,359.078,4.4,31.58,27.596
1965-08-01,,,,,,4.12,,,,,,4.4,31.55,
1965-09-01,,,,,,4.02,,,,,,4.3,31.62,
1965-10-01,4619458000000.0,43912000000.0,114934000000.0,214.261,52.864,4.08,56.975,39.698,33.948,623812.0,381.288,4.2,31.65,29.424
1965-11-01,,,,,,4.1,,,,,,4.1,31.75,
1965-12-01,,,,,,4.32,,,,,,4.0,31.85,
1966-01-01,4731888000000.0,45562000000.0,117534000000.0,221.114,53.621,4.42,57.432,39.356,34.99,606267.0,389.24,4.0,31.88,30.244
1966-02-01,,,,,,4.6,,,,,,3.8,32.08,
1966-03-01,,,,,,4.66,,,,,,3.8,32.18,
1966-04-01,4748046000000.0,45781750000.0,118797250000.0,227.479,54.145,4.67,57.826,40.872,36.24,581050.0,406.508,3.8,32.28,30.152
1966-05-01,,,,,,4.9,,,,,,3.9,32.35,
1966-06-01,,,,,,5.17,,,,,,3.8,32.38,
1966-07-01,4788254000000.0,46380000000.0,121072750000.0,235.644,54.399,5.3,58.152,40.857,38.171,523227.0,412.72,3.8,32.45,29.7
1966-08-01,,,,,,5.53,,,,,,3.8,32.65,
1966-09-01,,,,,,5.4,,,,,,3.7,32.75,
1966-10-01,4827537000000.0,46395250000.0,122515000000.0,243.763,54.264,5.53,58.454,42.594,38.829,547891.0,424.298,3.7,32.85,29.02
1966-11-01,,,,,,5.76,,,,,,3.6,32.88,
1966-12-01,,,,,,5.4,,,,,,3.8,32.92,
1967-01-01,4870299000000.0,46319250000.0,123579250000.0,255.415,54.205,4.94,59.09,43.886,39.432,625556.0,438.318,3.9,32.9,27.808
1967-02-01,,,,,,5.0,,,,,,3.8,33.0,
1967-03-01,,,,,,4.53,,,,,,3.8,33.0,
1967-04-01,4873287000000.0,46929250000.0,125864500000.0,256.922,53.88,4.05,59.68,43.239,39.02,641312.0,449.193,3.8,33.1,27.52
1967-05-01,,,,,,3.94,,,,,,3.8,33.1,
1967-06-01,,,,,,3.98,,,,,,3.9,33.3,
1967-07-01,4919392000000.0,47873000000.0,127679250000.0,264.199,54.061,3.79,59.886,42.845,39.543,678588.0,466.189,3.8,33.4,27.764
1967-08-01,,,,,,3.9,,,,,,3.8,33.5,
1967-09-01,,,,,,3.99,,,,,,3.8,33.6,
1967-10-01,4956477000000.0,49380250000.0,129562250000.0,268.385,54.306,3.88,60.045,43.896,41.652,712221.0,482.737,4.0,33.7,29.384
1967-11-01,,,,,,4.13,,,,,,3.9,33.9,
1967-12-01,,,,,,4.51,,,,,,3.8,34.0,
1968-01-01,5057553000000.0,50551000000.0,134074250000.0,277.111,54.404,4.61,61.056,45.452,44.399,652734.0,492.795,3.7,34.1,32.956
1968-02-01,,,,,,4.71,,,,,,3.8,34.2,
1968-03-01,,,,,,5.05,,,,,,3.7,34.3,
1968-04-01,5142033000000.0,51098000000.0,137503500000.0,286.708,54.924,5.76,61.451,47.165,45.416,731114.0,514.015,3.5,34.4,33.504
1968-05-01,,,,,,6.12,,,,,,3.5,34.5,
1968-06-01,,,,,,6.07,,,,,,3.7,34.7,
1968-07-01,5181859000000.0,51887500000.0,141530500000.0,292.215,55.312,6.03,61.618,49.891,48.24,728536.0,526.919,3.7,34.9,33.54
1968-08-01,,,,,,6.03,,,,,,3.5,35.0,
1968-09-01,,,,,,5.78,,,,,,3.4,35.1,
1968-10-01,5202212000000.0,53576500000.0,143744250000.0,298.982,55.655,5.91,62.073,49.116,48.17,843150.0,549.501,3.4,35.3,34.364
1968-11-01,,,,,,5.82,,,,,,3.4,35.4,
1968-12-01,,,,,,6.02,,,,,,3.4,35.6,
1969-01-01,5283597000000.0,55606000000.0,146751250000.0,300.566,56.177,6.3,62.161,44.042,43.804,803399.0,566.358,3.4,35.7,34.616
1969-02-01,,,,,,6.61,,,,,,3.4,35.8,
1969-03-01,,,,,,6.79,,,,,,3.4,36.1,
1969-04-01,5299625000000.0,55802000000.0,149584250000.0,307.101,56.697,7.41,62.184,53.775,52.671,774485.0,582.059,3.4,36.3,33.508
1969-05-01,,,,,,8.67,,,,,,3.4,36.4,
1969-06-01,,,,,,8.9,,,,,,3.5,36.6,
1969-07-01,5334600000000.0,56824750000.0,152156500000.0,313.917,56.976,8.61,62.432,53.596,52.365,743955.0,598.245,3.5,36.8,32.244
1969-08-01,,,,,,9.19,,,,,,3.5,36.9,
1969-09-01,,,,,,9.15,,,,,,3.7,37.1,
1969-10-01,5308556000000.0,55702750000.0,155146500000.0,318.243,56.814,9.0,62.67,56.275,53.126,705075.0,620.65,3.7,37.3,31.812
1969-11-01,,,,,,8.85,,,,,,3.5,37.5,
1969-12-01,,,,,,8.97,,,,,,3.5,37.7,
1970-01-01,5300652000000.0,56325250000.0,157921250000.0,325.878,56.592,8.98,62.793,57.031,53.517,677754.0,635.474,3.9,37.9,26.952
1970-02-01,,,,,,8.98,,,,,,4.2,38.1,
1970-03-01,,,,,,7.76,,,,,,4.4,38.3,
1970-04-01,5308164000000.0,56302250000.0,160392500000.0,339.049,55.857,8.1,62.902,60.411,55.204,541846.0,652.419,4.6,38.5,27.024
1970-05-01,,,,,,7.95,,,,,,4.8,38.6,
1970-06-01,,,,,,7.61,,,,,,4.9,38.8,
1970-07-01,5357077000000.0,57265250000.0,163370500000.0,346.412,55.583,7.21,63.265,60.519,56.431,633751.0,668.376,5.0,38.9,27.904
1970-08-01,,,,,,6.62,,,,,,5.1,39.0,
1970-09-01,,,,,,6.29,,,,,,5.4,39.2,
1970-10-01,5299672000000.0,57958500000.0,165040250000.0,354.25,55.162,6.2,62.967,60.873,57.888,702482.0,695.177,5.5,39.4,26.608
1970-11-01,,,,,,5.6,,,,,,5.9,39.6,
1970-12-01,,,,,,4.9,,,,,,6.1,39.8,
1971-01-01,5443619000000.0,58822750000.0,169796500000.0,358.566,55.417,4.14,63.732,63.221,58.651,774797.0,727.594,5.9,39.9,29.872
1971-02-01,,,,,,3.72,,,,,,5.9,39.9,
1971-03-01,,,,,,3.71,,,,,,6.0,40.0,
1971-04-01,5473059000000.0,61195250000.0,173306250000.0,373.206,55.6,4.16,64.077,62.894,63.296,778662.0,751.261,5.9,40.1,30.68
1971-05-01,,,,,,4.63,,,,,,5.9,40.3,
1971-06-01,,,,,,4.91,,,,,,5.9,40.5,
1971-07-01,5518072000000.0,62760500000.0,176399750000.0,377.132,55.603,5.31,64.318,65.717,65.482,765605.0,777.504,6.0,40.6,29.752
1971-08-01,,,,,,5.57,,,,,,6.1,40.7,
1971-09-01,,,,,,5.55,,,,,,6.0,40.8,
1971-10-01,5531032000000.0,64298500000.00001,180434750000.0,383.306,56.197,5.2,64.286,60.019,61.939,824038.0,805.993,5.8,40.9,30.092
1971-11-01,,,,,,4.91,,,,,,6.0,41.0,
1971-12-01,,,,,,4.14,,,,,,6.0,41.1,
1972-01-01,5632649000000.0,67433750000.0,184737000000.0,399.428,56.831,3.51,65.542,68.639,72.173,872231.0,844.65,5.8,41.2,31.76
1972-02-01,,,,,,3.3,,,,,,5.7,41.4,
1972-03-01,,,,,,3.83,,,,,,5.8,41.4,
1972-04-01,5760470000000.0,68930500000.0,189341000000.0,403.929,57.244,4.17,65.886,67.152,71.409,875195.0,868.462,5.7,41.5,32.008
1972-05-01,,,,,,4.27,,,,,,5.7,41.6,
1972-06-01,,,,,,4.46,,,,,,5.7,41.7,
1972-07-01,5814854000000.0,69647250000.0,193949750000.0,404.908,57.57,4.55,66.23,71.453,74.09,893709.0,892.437,5.6,41.8,33.12
1972-08-01,,,,,,4.81,,,,,,5.6,41.9,
1972-09-01,,,,,,4.87,,,,,,5.5,42.1,
1972-10-01,5912220000000.0,73714250000.0,200125500000.0,419.285,58.175,5.05,66.788,76.129,79.19,1032948.0,952.288,5.6,42.2,36.616
1972-11-01,,,,,,5.06,,,,,,5.3,42.4,
1972-12-01,,,,,,5.33,,,,,,5.2,42.5,
1973-01-01,6058544000000.0,77484750000.0,206251750000.0,426.927,59.047,5.94,67.488,83.959,85.36,970789.0,982.957,4.9,42.7,39.288
1973-02-01,,,,,,6.58,,,,,,5.0,43.0,
1973-03-01,,,,,,7.09,,,,,,4.9,43.4,
1973-04-01,6124506000000.0,78881500000.0,210131750000.0,439.107,59.663,7.12,67.029,91.923,89.468,903834.0,1014.902,5.0,43.7,39.356
1973-05-01,,,,,,7.84,,,,,,4.9,43.9,
1973-06-01,,,,,,8.49,,,,,,4.9,44.2,
1973-07-01,6092301000000.0,79803500000.0,214719250000.0,437.629,60.066,10.4,66.869,97.576,91.139,953723.0,1061.128,4.8,44.2,37.588
1973-08-01,,,,,,10.5,,,,,,4.8,45.0,
1973-09-01,,,,,,10.78,,,,,,4.8,45.2,
1973-10-01,6150131000000.0,80518000000.0,218471750000.0,451.018,60.368,10.01,66.536,107.62,98.669,809566.0,1101.685,4.6,45.6,39.444
1973-11-01,,,,,,10.03,,,,,,4.8,45.9,
1973-12-01,,,,,,9.95,,,,,,4.9,46.3,
1974-01-01,6097258000000.0,81700250000.0,222967000000.0,465.643,60.118,9.65,66.079,116.709,110.315,784355.0,1156.002,5.1,46.8,37.372
1974-02-01,,,,,,8.97,,,,,,5.2,47.3,
1974-03-01,,,,,,9.35,,,,,,5.1,47.8,
1974-04-01,6111751000000.0,84002750000.0,230105500000.0,477.348,60.281,10.51,66.028,126.668,129.382,723428.0,1216.697,5.1,48.1,39.296
1974-05-01,,,,,,11.31,,,,,,5.1,48.6,
1974-06-01,,,,,,11.93,,,,,,5.4,49.0,
1974-07-01,6053978000000.0,85907750000.0,237319000000.0,507.012,60.077,12.92,66.12,126.638,133.61,540503.0,1290.635,5.5,49.3,43.496
1974-08-01,,,,,,12.01,,,,,,5.5,49.9,
1974-09-01,,,,,,11.34,,,,,,5.9,50.6,
1974-10-01,6030464000000.0,85090750000.0,239769750000.0,521.208,59.095,10.06,65.907,136.585,136.552,557656.0,1463.939,6.0,51.0,38.096
1974-11-01,,,,,,9.45,,,,,,6.6,51.5,
1974-12-01,,,,,,8.53,,,,,,7.2,51.9,
1975-01-01,5957035000000.0,84343750000.0,246297500000.0,550.065,57.266,7.13,66.45,141.369,124.888,684995.0,1397.859,8.1,52.3,31.48
1975-02-01,,,,,,6.24,,,,,,8.1,52.6,
1975-03-01,,,,,,5.54,,,,,,8.6,52.8,
1975-04-01,5999610000000.0,84100500000.0,253395500000.0,571.863,56.742,5.49,67.051,136.827,115.245,791700.0,1465.104,8.8,53.0,34.184
1975-05-01,,,,,,5.22,,,,,,9.0,53.1,
1975-06-01,,,,,,5.55,,,,,,8.8,53.5,
1975-07-01,6102326000000.0,88026250000.0,261798000000.0,583.501,57.259,6.1,66.897,134.098,122.055,701766.0,1472.669,8.6,54.0,43.164
1975-08-01,,,,,,6.14,,,,,,8.4,54.2,
1975-09-01,,,,,,6.24,,,,,,8.4,54.6,
1975-10-01,6184530000000.0,91442000000.0,269055750000.0,600.049,58.234,5.82,66.764,142.531,128.73,754897.0,1512.87,8.4,54.9,43.88
1975-11-01,,,,,,5.22,,,,,,8.3,55.3,
1975-12-01,,,,,,5.2,,,,,,8.2,55.6,
1976-01-01,6323649000000.0,95711750000.0,277477000000.0,609.582,59.191,4.87,67.279,143.588,138.938,868276.0,1571.879,7.9,55.8,49.888
1976-02-01,,,,,,4.77,,,,,,7.7,55.9,
1976-03-01,,,,,,4.84,,,,,,7.6,56.0,
1976-04-01,6370025000000.0,97206500000.0,282385000000.0,606.867,59.224,4.82,67.933,146.621,147.116,887750.0,1634.692,7.7,56.1,48.956
1976-05-01,,,,,,5.29,,,,,,7.4,56.4,
1976-06-01,,,,,,5.48,,,,,,7.6,56.7,
1976-07-01,6404895000000.0,99053250000.0,289701500000.0,619.599,59.461,5.31,68.269,151.775,155.848,897381.0,1677.834,7.8,57.0,48.488
1976-08-01,,,,,,5.29,,,,,,7.8,57.3,
1976-09-01,,,,,,5.25,,,,,,7.6,57.6,
1976-10-01,6451177000000.0,103781500000.0,298102000000.0,630.201,59.78,5.02,68.723,156.076,162.68,927412.0,1780.775,7.7,57.9,47.496
1976-11-01,,,,,,4.95,,,,,,7.8,58.1,
1976-12-01,,,,,,4.65,,,,,,7.8,58.4,
1977-01-01,6527703000000.0,109225000000.0,307053000000.0,645.408,60.412,4.61,68.763,155.354,176.433,857111.0,1828.072,7.5,58.7,51.0
1977-02-01,,,,,,4.68,,,,,,7.6,59.3,
1977-03-01,,,,,,4.69,,,,,,7.4,59.6,
1977-04-01,6654466000000.0,116112500000.0,313995000000.0,657.414,61.557,4.73,68.966,161.906,183.042,882073.0,1884.207,7.2,60.0,55.712
1977-05-01,,,,,,5.35,,,,,,7.0,60.2,
1977-06-01,,,,,,5.39,,,,,,7.2,60.5,
1977-07-01,6774457000000.0,119219500000.0,321726250000.0,669.001,62.218,5.42,69.345,162.325,182.904,845309.0,1935.798,6.9,60.8,57.876
1977-08-01,,,,,,5.9,,,,,,7.0,61.1,
1977-09-01,,,,,,6.14,,,,,,6.8,61.3,
1977-10-01,6774592000000.0,122893750000.0,331201000000.0,688.771,62.832,6.47,69.52,157.809,187.391,819176.0,2002.993,6.8,61.6,58.124
1977-11-01,,,,,,6.51,,,,,,6.8,62.0,
1977-12-01,,,,,,6.56,,,,,,6.4,62.3,
1978-01-01,6796260000000.0,125712250000.0,338513250000.0,702.39,63.124,6.7,70.28,164.601,203.282,773891.0,2055.1,6.4,62.7,54.444
1978-02-01,,,,,,6.78,,,,,,6.3,63.0,
1978-03-01,,,,,,6.79,,,,,,6.3,63.4,
1978-04-01,7058920000000.0,137819750000.0,352846250000.0,721.911,64.962,6.89,69.964,186.215,208.84,833210.0,2144.223,6.1,63.9,66.204
1978-05-01,,,,,,7.36,,,,,,6.0,64.5,
1978-06-01,,,,,,7.6,,,,,,5.9,65.0,
1978-07-01,7129915000000.0,144270750000.0,360554250000.0,749.361,65.512,7.81,70.035,191.302,215.062,895811.0,2238.669,6.2,65.5,66.668
1978-08-01,,,,,,8.04,,,,,,5.9,65.9,
1978-09-01,,,,,,8.45,,,,,,6.0,66.5,
1978-10-01,7225750000000.0,150350000000.0,370338500000.0,767.107,66.304,8.96,70.398,205.415,221.815,856335.0,2337.673,5.8,67.1,70.26
1978-11-01,,,,,,9.76,,,,,,5.9,67.5,
1978-12-01,,,,,,10.03,,,,,,6.0,67.9,
1979-01-01,7238727000000.0,152921000000.0,379285250000.0,776.403,66.782,10.07,70.583,211.669,229.828,910897.0,2431.225,5.9,68.5,66.636
1979-02-01,,,,,,10.06,,,,,,5.9,69.2,
1979-03-01,,,,,,10.09,,,,,,5.8,69.9,
1979-04-01,7246454000000.0,157204500000.0,389408750000.0,799.709,66.994,10.01,70.304,220.908,243.097,921144.0,2537.596,5.8,70.6,66.532
1979-05-01,,,,,,10.24,,,,,,5.6,71.4,
1979-06-01,,,,,,10.29,,,,,,5.7,72.2,
1979-07-01,7300281000000.0,164717750000.0,402966750000.0,829.638,67.606,10.47,70.002,234.277,257.306,981163.0,2656.893,5.7,73.0,65.28
1979-08-01,,,,,,10.94,,,,,,6.0,73.7,
1979-09-01,,,,,,11.43,,,,,,5.9,74.4,
1979-10-01,7318535000000.0,166919000000.0,413758750000.0,851.735,67.761,13.77,70.014,253.664,280.466,1014783.0,2763.746,6.0,75.2,62.148
1979-11-01,,,,,,13.18,,,,,,5.9,76.0,
1979-12-01,,,,,,13.78,,,,,,6.0,76.9,
1980-01-01,7341557000000.0,170093500000.0,425575500000.0,892.894,67.597,13.82,69.764,268.508,304.311,956911.0,2829.745,6.3,78.0,67.004
1980-02-01,,,,,,14.13,,,,,,6.3,79.0,
1980-03-01,,,,,,17.19,,,,,,6.3,80.1,
1980-04-01,7190289000000.0,161559250000.0,426180750000.0,922.797,66.376,17.61,69.932,277.389,292.6,1076609.0,2940.79,6.9,80.9,49.832
1980-05-01,,,,,,10.98,,,,,,7.5,81.7,
1980-06-01,,,,,,9.47,,,,,,7.6,82.5,
1980-07-01,7181743000000.0,165824250000.0,440942750000.0,956.08,66.074,9.03,70.012,284.673,279.202,1214006.0,3070.952,7.8,82.6,55.952
1980-08-01,,,,,,9.61,,,,,,7.7,83.2,
1980-09-01,,,,,,10.87,,,,,,7.5,83.9,
1980-10-01,7315677000000.0,174901750000.0,457968500000.0,970.564,66.962,12.81,70.219,292.517,299.2,1346523.0,3214.547,7.5,84.7,61.664
1980-11-01,,,,,,15.85,,,,,,7.5,85.6,
1980-12-01,,,,,,18.9,,,,,,7.2,86.4,
1981-01-01,7459022000000.0,181756750000.0,471433500000.0,1022.594,67.348,19.08,70.029,305.467,319.726,1351007.0,3321.056,7.5,87.2,58.536
1981-02-01,,,,,,15.93,,,,,,7.4,88.0,
1981-03-01,,,,,,14.7,,,,,,7.4,88.6,
1981-04-01,7403745000000.0,185848500000.0,479381000000.0,1037.406,67.4,15.72,69.932,308.455,321.963,1315862.0,3417.664,7.2,89.1,50.708
1981-05-01,,,,,,18.52,,,,,,7.5,89.7,
1981-06-01,,,,,,19.1,,,,,,7.5,90.5,
1981-07-01,7492405000000.0,188511000000.0,489524750000.0,1063.556,67.362,19.04,70.063,302.339,309.9,1136139.0,3456.35,7.2,91.5,52.7
1981-08-01,,,,,,17.82,,,,,,7.4,92.2,
1981-09-01,,,,,,15.87,,,,,,7.6,93.1,
1981-10-01,7410768000000.0,192643500000.0,493611750000.0,1102.243,67.069,15.08,70.001,304.695,319.445,1225637.0,3582.392,7.9,93.4,44.764
1981-11-01,,,,,,13.31,,,,,,8.3,93.8,
1981-12-01,,,,,,12.37,,,,,,8.5,94.1,
1982-01-01,7295631000000.0,190004750000.0,503538750000.0,1122.585,65.94,13.22,70.975,293.202,309.478,1090438.0,3655.244,8.6,94.4,33.484
1982-02-01,,,,,,14.78,,,,,,8.9,94.7,
1982-03-01,,,,,,14.68,,,,,,9.0,94.7,
1982-04-01,7328912000000.0,188543250000.0,509911250000.0,1150.143,66.244,14.94,70.776,294.729,299.115,1073656.0,3692.422,9.3,95.0,34.736
1982-05-01,,,,,,14.45,,,,,,9.4,95.9,
1982-06-01,,,,,,14.15,,,,,,9.6,97.0,
1982-07-01,7300896000000.0,186139500000.0,521417750000.0,1185.946,65.772,12.59,70.655,279.634,309.282,1172793.0,3763.532,9.8,97.5,35.424
1982-08-01,,,,,,10.12,,,,,,9.8,97.7,
1982-09-01,,,,,,10.31,,,,,,10.1,97.7,
1982-10-01,7303817000000.0,188203500000.0,536388500000.0,1222.288,65.158,9.71,70.913,265.274,294.861,1386479.0,3823.042,10.4,98.1,31.724
1982-11-01,,,,,,9.2,,,,,,10.8,98.0,
1982-12-01,,,,,,8.95,,,,,,10.8,97.7,
1983-01-01,7400066000000.0,191323250000.0,546147250000.0,1245.639,65.555,8.68,71.224,270.703,295.251,1533804.0,3900.519,10.4,97.9,34.272
1983-02-01,,,,,,8.51,,,,,,10.4,98.0,
1983-03-01,,,,,,8.77,,,,,,10.3,98.1,
1983-04-01,7568456000000.0,197126750000.0,562359500000.0,1255.643,66.318,8.8,71.052,272.514,317.949,1736716.0,3963.389,10.2,98.8,46.256
1983-05-01,,,,,,8.63,,,,,,10.1,99.2,
1983-06-01,,,,,,8.98,,,,,,10.1,99.4,
1983-07-01,7719746000000.0,207740750000.0,579973750000.0,1289.036,67.644,9.37,70.76,278.181,343.381,1709522.0,3970.06,9.4,99.8,53.312
1983-08-01,,,,,,9.56,,,,,,9.5,100.1,
1983-09-01,,,,,,9.45,,,,,,9.2,100.4,
1983-10-01,7880794000000.0,218240750000.0,593124000000.0,1299.51,68.914,9.48,70.915,286.587,357.972,1630514.0,4037.394,8.8,100.8,54.624
1983-11-01,,,,,,9.34,,,,,,8.5,101.1,
1983-12-01,,,,,,9.47,,,,,,8.3,101.4,
1984-01-01,8034847000000.0,225499750000.0,604541250000.0,1320.756,70.233,9.56,70.762,292.975,387.978,1527807.0,4010.718,8.0,102.1,64.816
1984-02-01,,,,,,9.59,,,,,,7.8,102.6,
1984-03-01,,,,,,9.91,,,,,,7.8,102.9,
1984-04-01,8173670000000.0,234760750000.0,618969000000.0,1349.946,71.147,10.29,70.864,302.2,406.501,1456011.0,4031.891,7.7,103.3,63.8
1984-05-01,,,,,,10.32,,,,,,7.4,103.5,
1984-06-01,,,,,,11.06,,,,,,7.2,103.7,
1984-07-01,8252465000000.0,240317000000.0,628380750000.0,1380.135,71.456,11.23,71.334,305.744,409.591,1543237.0,4140.971,7.5,104.1,53.776
1984-08-01,,,,,,11.64,,,,,,7.5,104.4,
1984-09-01,,,,,,11.3,,,,,,7.3,104.7,
1984-10-01,8320199000000.001,247289500000.0,640449250000.0,1423.836,71.922,9.99,71.315,308.603,416.359,1553653.0,4214.805,7.4,105.1,54.344
1984-11-01,,,,,,9.43,,,,,,7.2,105.3,
1984-12-01,,,,,,8.38,,,,,,7.3,105.5,
1985-01-01,8400820000000.0,250477750000.0,659002000000.0,1450.988,72.497,8.35,71.599,306.01,397.308,1671498.0,4224.208,7.3,105.7,57.736
1985-02-01,,,,,,8.5,,,,,,7.2,106.3,
1985-03-01,,,,,,8.58,,,,,,7.2,106.8,
1985-04-01,8474787000000.0,255947250000.0,670441000000.0,1483.531,72.991,8.27,71.651,304.126,418.571,1744053.0,4262.99,7.3,107.0,56.332
1985-05-01,,,,,,7.97,,,,,,7.2,107.2,
1985-06-01,,,,,,7.53,,,,,,7.4,107.5,
1985-07-01,8604219999999.999,258027500000.0,688537000000.0,1514.893,73.196,7.88,72.258,297.273,414.168,1642361.0,4249.905,7.4,107.7,60.828
1985-08-01,,,,,,7.9,,,,,,7.1,107.9,
1985-09-01,,,,,,7.92,,,,,,7.1,108.1,
1985-10-01,8668188000000.0,263251500000.00003,694850000000.0,1537.959,73.563,7.99,72.935,305.433,438.867,1917631.0,4549.648,7.1,108.5,58.98
1985-11-01,,,,,,8.05,,,,,,7.0,109.0,
1985-12-01,,,,,,8.27,,,,,,7.0,109.5,
1986-01-01,8749127000000.0,265514000000.0,705912000000.0,1557.805,73.457,8.14,73.624,313.404,439.418,2137668.0,4628.364,6.7,109.9,63.008
1986-02-01,,,,,,7.86,,,,,,7.2,109.7,
1986-03-01,,,,,,7.48,,,,,,7.2,109.1,
1986-04-01,8788523999999.999,268504250000.0,712864000000.0,1583.014,73.258,6.99,74.861,315.119,443.99,2245424.0,4672.976,7.1,108.7,63.432
1986-05-01,,,,,,6.85,,,,,,7.2,109.0,
1986-06-01,,,,,,6.92,,,,,,7.2,109.4,
1986-07-01,8872601000000.0,272131250000.00003,729300250000.0,1625.336,73.628,6.56,75.377,320.471,459.432,2032679.0,4643.137,7.0,109.5,64.56
1986-08-01,,,,,,6.17,,,,,,6.9,109.6,
1986-09-01,,,,,,5.89,,,,,,7.0,110.0,
1986-10-01,8920193000000.0,274514000000.0,738201750000.0,1625.422,74.183,5.85,75.89,334.999,468.628,2241896.0,4782.145,7.0,110.2,73.088
1986-11-01,,,,,,6.04,,,,,,6.9,110.4,
1986-12-01,,,,,,6.91,,,,,,6.6,110.8,
1987-01-01,8986367000000.0,272719000000.0,745878250000.0,1646.039,75.107,6.43,75.365,336.451,477.685,2709357.0,4955.527,6.6,111.4,76.035
1987-02-01,,,,,,6.1,,,,,,6.6,111.8,
1987-03-01,,,,,,6.13,,,,,,6.6,112.2,
1987-04-01,9083256000000.0,277880000000.0,763332500000.0,1671.574,75.537,6.37,75.112,355.36,502.337,2784821.0,5023.797,6.3,112.7,87.267
1987-05-01,,,,,,6.85,,,,,,6.3,113.0,
1987-06-01,,,,,,6.73,,,,,,6.2,113.5,
1987-07-01,9162024000000.0,283448750000.0,779339500000.0,1686.72,76.063,6.58,75.143,371.854,517.318,2945570.0,5110.779,6.1,113.8,91.347
1987-08-01,,,,,,6.73,,,,,,6.0,114.3,
1987-09-01,,,,,,7.22,,,,,,5.9,114.7,
1987-10-01,9319332000000.0,285617250000.0,787729000000.0,1720.341,76.849,7.29,75.433,392.107,537.511,2287678.0,4979.58,6.0,115.0,87.146
1987-11-01,,,,,,6.69,,,,,,5.8,115.4,
1987-12-01,,,,,,6.77,,,,,,5.7,115.6,
1988-01-01,9367502000000.0,286284500000.0,807974000000.0,1734.527,76.92,6.83,76.258,418.727,542.714,2420352.0,5040.573,5.7,116.0,84.535
1988-02-01,,,,,,6.58,,,,,,5.7,116.2,
1988-03-01,,,,,,6.58,,,,,,5.7,116.5,
1988-04-01,9490594000000.0,293267500000.0,822929000000.0,1750.068,78.002,6.87,76.376,439.471,546.098,2516095.0,5124.505,5.4,117.2,90.048
1988-05-01,,,,,,7.09,,,,,,5.6,117.5,
1988-06-01,,,,,,7.51,,,,,,5.4,118.0,
1988-07-01,9546206000000.0,295481750000.0,840474750000.0,1762.317,78.211,7.75,76.441,453.586,552.849,2460529.0,5164.228,5.4,118.5,97.763
1988-08-01,,,,,,8.01,,,,,,5.6,119.0,
1988-09-01,,,,,,8.19,,,,,,5.4,119.5,
1988-10-01,9673405000000.0,301847750000.0,858634750000.0,1810.921,79.09,8.3,76.314,466.619,574.314,2559333.0,5326.688,5.4,119.9,102.702
1988-11-01,,,,,,8.35,,,,,,5.3,120.3,
1988-12-01,,,,,,8.76,,,,,,5.3,120.7,
1989-01-01,9771725000000.0,305289000000.0,872543000000.0,1844.66,79.882,9.12,75.757,485.189,586.154,2670653.0,5565.988,5.4,121.2,104.886
1989-02-01,,,,,,9.36,,,,,,5.2,121.6,
1989-03-01,,,,,,9.85,,,,,,5.0,122.2,
1989-04-01,9846293000000.0,308006500000.0,888441750000.0,1882.377,80.191,9.84,74.934,507.229,595.389,2837245.0,5593.312,5.2,123.1,94.438
1989-05-01,,,,,,9.81,,,,,,5.2,123.7,
1989-06-01,,,,,,9.53,,,,,,5.3,124.1,
1989-07-01,9919228000000.0,315419500000.0,902349750000.0,1914.589,80.374,9.24,75.073,509.352,584.427,3057566.0,5623.046,5.2,124.5,91.577
1989-08-01,,,,,,8.99,,,,,,5.2,124.5,
1989-09-01,,,,,,9.02,,,,,,5.3,124.8,
1989-10-01,9938767000000.0,313726000000.0,913423000000.0,1946.345,80.378,8.84,75.473,515.387,598.152,3140008.0,5651.74,5.3,125.4,91.371
1989-11-01,,,,,,8.55,,,,,,5.4,125.9,
1989-12-01,,,,,,8.45,,,,,,5.4,126.3,
1990-01-01,10047386000000.0,320931750000.0,934487000000.0,1998.201,80.614,8.23,75.734,538.232,626.767,3006907.0,5592.04,5.4,127.5,91.05
1990-02-01,,,,,,8.24,,,,,,5.3,128.0,
1990-03-01,,,,,,8.28,,,,,,5.2,128.6,
1990-04-01,10083855000000.0,317334000000.0,945855250000.0,2033.14,80.263,8.26,76.511,545.925,614.759,3136251.0,5638.238,5.4,128.9,94.66
1990-05-01,,,,,,8.18,,,,,,5.4,129.1,
1990-06-01,,,,,,8.29,,,,,,5.2,129.9,
1990-07-01,10090569000000.0,317623250000.0,961675000000.0,2059.882,79.854,8.15,76.272,555.149,630.102,2654774.0,5570.93,5.5,130.5,96.957
1990-08-01,,,,,,8.13,,,,,,5.7,131.6,
1990-09-01,,,,,,8.2,,,,,,5.9,132.5,
1990-10-01,9998704000000.0,313383250000.0,966977250000.0,2130.473,79.512,8.11,75.67,568.186,647.282,2956992.0,5512.383,5.9,133.4,95.381
1990-11-01,,,,,,7.81,,,,,,6.2,133.7,
1990-12-01,,,,,,7.31,,,,,,6.3,134.2,
1991-01-01,9951916000000.0,307801250000.0,968390500000.0,2069.787,78.733,6.91,75.711,573.177,620.317,3397923.0,5590.777,6.4,134.7,91.497
1991-02-01,,,,,,6.25,,,,,,6.6,134.8,
1991-03-01,,,,,,6.12,,,,,,6.8,134.8,
1991-04-01,10029510000000.0,310146000000.0,981733000000.0,2147.775,78.239,5.91,76.812,590.733,613.921,3355984.0,5579.38,6.7,135.1,87.467
1991-05-01,,,,,,5.78,,,,,,6.9,135.6,
1991-06-01,,,,,,5.9,,,,,,6.9,136.0,
1991-07-01,10080195000000.0,310668000000.0,993317250000.0,2209.802,78.148,5.82,77.263,600.595,621.669,3538025.0,5516.345,6.8,136.2,88.169
1991-08-01,,,,,,5.66,,,,,,6.9,136.6,
1991-09-01,,,,,,5.45,,,,,,6.9,137.0,
1991-10-01,10115329000000.0,310216000000.0,1000008000000.0,2239.204,78.016,5.21,77.727,615.217,638.27,4000417.0,5517.54,7.0,137.2,89.502
1991-11-01,,,,,,4.81,,,,,,7.0,137.8,
1991-12-01,,,,,,4.43,,,,,,7.3,138.2,
1992-01-01,10236435000000.0,314020250000.0,1025100250000.0,2294.835,77.556,4.03,79.329,625.287,645.823,3914314.0,5319.312,7.3,138.3,99.816
1992-02-01,,,,,,4.06,,,,,,7.4,138.6,
1992-03-01,,,,,,3.98,,,,,,7.4,139.1,
1992-04-01,10347429000000.0,321750000000.0,1038915000000.0,2326.569,77.858,3.73,79.532,626.163,658.951,3876608.0,5288.257,7.4,139.4,102.025
1992-05-01,,,,,,3.82,,,,,,7.6,139.7,
1992-06-01,,,,,,3.76,,,,,,7.8,140.1,
1992-07-01,10449673000000.0,324446250000.0,1056742750000.0,2355.714,77.989,3.25,79.939,639.365,677.853,3973482.0,5228.892,7.7,140.5,98.921
1992-08-01,,,,,,3.3,,,,,,7.6,140.8,
1992-09-01,,,,,,3.22,,,,,,7.6,141.1,
1992-10-01,10558648000000.0,332579250000.0,1076801250000.0,2379.825,78.491,3.1,79.765,641.396,688.536,4369261.0,5131.325,7.3,141.7,107.215
1992-11-01,,,,,,3.09,,,,,,7.4,142.1,
1992-12-01,,,,,,2.92,,,,,,7.4,142.3,
1993-01-01,10576275000000.0,334094250000.0,1087378750000.0,2383.921,79.187,3.02,78.78,643.606,699.31,4493617.0,5175.346,7.3,142.8,111.535
1993-02-01,,,,,,3.03,,,,,,7.1,143.1,
1993-03-01,,,,,,3.07,,,,,,7.0,143.3,
1993-04-01,10637847000000.0,340892250000.0,1104645250000.0,2398.115,80.082,2.96,78.791,653.094,716.281,4515232.0,5217.265,7.1,143.8,121.915
1993-05-01,,,,,,3.0,,,,,,7.1,144.2,
1993-06-01,,,,,,3.04,,,,,,7.0,144.3,
1993-07-01,10688606000000.0,344981750000.0,1121797250000.0,2423.514,80.561,3.06,78.512,650.897,719.251,4646190.0,5291.205,6.9,144.5,115.458
1993-08-01,,,,,,3.03,,,,,,6.8,144.8,
1993-09-01,,,,,,3.09,,,,,,6.7,145.0,
1993-10-01,10833987000000.0,357926500000.0,1138162750000.0,2445.454,81.328,2.99,78.549,671.6,745.049,4865339.0,5529.561,6.8,145.6,141.019
1993-11-01,,,,,,3.02,,,,,,6.6,146.0,
1993-12-01,,,,,,2.96,,,,,,6.5,146.3,
1994-01-01,10939116000000.0,360001000000.0,1155305750000.0,2429.86,81.837,3.05,77.869,681.232,761.827,4658750.0,5559.792,6.6,146.3,122.361
1994-02-01,,,,,,3.25,,,,,,6.6,146.7,
1994-03-01,,,,,,3.34,,,,,,6.5,147.1,
1994-04-01,11087361000000.0,368457500000.0,1170790750000.0,2460.32,83.164,3.56,78.101,706.988,797.56,4573094.0,5677.027,6.4,147.2,129.287
1994-05-01,,,,,,4.01,,,,,,6.1,147.5,
1994-06-01,,,,,,4.25,,,,,,6.1,147.9,
1994-07-01,11152176000000.0,375147500000.0,1188190250000.0,2508.239,84.14,4.26,77.489,736.883,833.751,4833579.0,5836.758,6.1,148.4,142.417
1994-08-01,,,,,,4.47,,,,,,6.0,149.0,
1994-09-01,,,,,,4.73,,,,,,5.9,149.3,
1994-10-01,11279932000000.0,383267250000.0,1206678250000.0,2544.703,84.496,4.76,77.727,758.646,860.559,4831577.0,6002.713,5.8,149.4,150.947
1994-11-01,,,,,,5.29,,,,,,5.6,149.8,
1994-12-01,,,,,,5.45,,,,,,5.5,150.1,
1995-01-01,11319951000000.0,393343750000.0,1215609000000.0,2582.422,84.899,5.53,77.718,781.57,886.899,5203193.0,6140.567,5.6,150.5,155.253
1995-02-01,,,,,,5.92,,,,,,5.4,150.9,
1995-03-01,,,,,,5.98,,,,,,5.4,151.2,
1995-04-01,11353721000000.0,395156000000.0,1233402250000.0,2610.521,84.778,6.05,77.766,798.851,908.343,5633101.0,6315.198,5.8,151.8,153.136
1995-05-01,,,,,,6.01,,,,,,5.6,152.1,
1995-06-01,,,,,,6.0,,,,,,5.6,152.4,
1995-07-01,11450310000000.0,399760000000.0,1249665500000.0,2598.783,85.751,5.85,77.841,831.399,905.843,6064628.0,6472.76,5.7,152.6,159.12
1995-08-01,,,,,,5.74,,,,,,5.7,152.9,
1995-09-01,,,,,,5.8,,,,,,5.6,153.1,
1995-10-01,11528067000000.0,405743500000.0,1263913750000.0,2615.396,85.97,5.76,78.079,839.421,909.201,6449974.0,6745.894,5.5,153.5,156.215
1995-11-01,,,,,,5.8,,,,,,5.6,153.7,
1995-12-01,,,,,,5.6,,,,,,5.6,153.9,
1996-01-01,11614418000000.0,416321750000.0,1282653750000.0,2669.979,86.14,5.56,78.325,847.94,936.735,6728661.0,6858.161,5.6,154.7,162.36
1996-02-01,,,,,,5.22,,,,,,5.5,155.0,
1996-03-01,,,,,,5.31,,,,,,5.5,155.5,
1996-04-01,11808140000000.0,426405000000.0,1305124750000.0,2695.197,86.946,5.22,78.384,859.042,952.751,7035650.0,6962.726,5.6,156.1,171.925
1996-05-01,,,,,,5.24,,,,,,5.6,156.4,
1996-06-01,,,,,,5.27,,,,,,5.3,156.7,
1996-07-01,11914063000000.0,436075000000.0,1318626250000.0,2701.8,87.673,5.4,78.573,859.577,973.757,7100424.0,7042.301,5.5,157.0,172.576
1996-08-01,,,,,,5.22,,,,,,5.1,157.2,
1996-09-01,,,,,,5.3,,,,,,5.2,157.7,
1996-10-01,12037775000000.0,442412750000.0,1338190750000.0,2720.879,88.671,5.24,78.405,903.798,992.62,7403482.0,7510.281,5.2,158.2,175.295
1996-11-01,,,,,,5.31,,,,,,5.4,158.7,
1996-12-01,,,,,,5.29,,,,,,5.4,159.1,
1997-01-01,12115472000000.0,447993500000.0,1358276250000.0,2740.531,89.424,5.25,78.863,918.374,1027.213,7436868.0,7785.402,5.3,159.4,176.905
1997-02-01,,,,,,5.19,,,,,,5.2,159.7,
1997-03-01,,,,,,5.39,,,,,,5.2,159.8,
1997-04-01,12317221000000.0,456454000000.0,1367816750000.0,2741.552,89.857,5.51,79.392,954.45,1039.651,8572279.0,8033.402,5.1,159.9,180.472
1997-05-01,,,,,,5.5,,,,,,4.9,159.9,
1997-06-01,,,,,,5.56,,,,,,5.0,160.2,
1997-07-01,12471010000000.0,472195000000.0,1394794750000.0,2784.966,90.392,5.52,79.837,974.057,1070.888,9280777.0,8339.638,4.9,160.4,190.457
1997-08-01,,,,,,5.54,,,,,,4.8,160.8,
1997-09-01,,,,,,5.54,,,,,,4.9,161.2,
1997-10-01,12577495000000.0,474636500000.0,1415902500000.0,2822.362,90.822,5.5,80.881,968.33,1085.344,9414939.0,8858.034,4.7,161.5,181.51
1997-11-01,,,,,,5.52,,,,,,4.6,161.7,
1997-12-01,,,,,,5.5,,,,,,4.7,161.8,
1998-01-01,12703742000000.0,484615500000.0,1430335500000.0,2809.434,91.392,5.56,82.106,963.021,1098.236,10751863.0,9108.136,4.6,162.0,178.769
1998-02-01,,,,,,5.51,,,,,,4.6,162.0,
1998-03-01,,,,,,5.49,,,,,,4.7,162.0,
1998-04-01,12821339000000.0,499875000000.0,1458141500000.0,2837.501,91.861,5.45,82.915,947.295,1109.626,10941441.0,9275.029,4.3,162.2,175.397
1998-05-01,,,,,,5.49,,,,,,4.4,162.6,
1998-06-01,,,,,,5.56,,,,,,4.5,162.8,
1998-07-01,12982752000000.0,510845500000.0,1481711500000.0,2866.201,91.989,5.54,83.887,935.263,1109.897,9878904.0,9107.19,4.5,163.2,180.118
1998-08-01,,,,,,5.55,,,,,,4.5,163.4,
1998-09-01,,,,,,5.51,,,,,,4.6,163.5,
1998-10-01,13191670000000.0,521616750000.0,1507059500000.0,2909.222,93.121,5.07,84.008,966.337,1145.0,11822684.0,9839.791,4.5,163.9,176.44
1998-11-01,,,,,,4.83,,,,,,4.4,164.1,
1998-12-01,,,,,,4.68,,,,,,4.4,164.4,
1999-01-01,13315597000000.0,531684250000.0,1525510000000.0,2931.044,92.992,4.63,85.188,960.764,1173.324,12073449.0,9820.112,4.3,164.7,186.026
1999-02-01,,,,,,4.76,,,,,,4.4,164.7,
1999-03-01,,,,,,4.81,,,,,,4.2,164.8,
1999-04-01,13426748000000.0,543935500000.00006,1557660250000.0,2959.52,93.504,4.74,84.92,974.597,1222.126,13124481.0,10090.369,4.3,165.9,184.42
1999-05-01,,,,,,4.74,,,,,,4.2,166.0,
1999-06-01,,,,,,4.76,,,,,,4.3,166.0,
1999-07-01,13604771000000.0,555815250000.0,1583827500000.0,3004.028,94.105,4.99,84.999,1005.309,1281.712,12670420.0,10212.217,4.3,166.7,187.683
1999-08-01,,,,,,5.07,,,,,,4.2,167.1,
1999-09-01,,,,,,5.22,,,,,,4.2,167.8,
1999-10-01,13827980000000.0,563286250000.0,1616759750000.0,3086.823,94.503,5.2,86.061,1030.971,1332.679,15356139.0,11104.107,4.1,168.1,192.1
1999-11-01,,,,,,5.42,,,,,,4.1,168.4,
1999-12-01,,,,,,5.3,,,,,,4.0,168.8,
2000-01-01,13878147000000.0,580912000000.0,1654554250000.0,3074.397,94.934,5.45,88.204,1052.904,1409.487,16261008.0,11078.556,4.0,169.3,202.205
2000-02-01,,,,,,5.73,,,,,,4.1,170.0,
2000-03-01,,,,,,5.85,,,,,,4.0,171.0,
2000-04-01,14130908000000.0,592789750000.0,1677977750000.0,3129.768,95.203,6.02,87.741,1093.36,1455.86,15609650.0,11421.088,3.8,170.9,201.051
2000-05-01,,,,,,6.27,,,,,,4.0,171.2,
2000-06-01,,,,,,6.53,,,,,,4.0,172.2,
2000-07-01,14145312000000.0,597235250000.0,1704996000000.0,3152.254,95.183,6.54,88.635,1125.002,1518.869,15277722.0,11848.062,4.0,172.7,185.57
2000-08-01,,,,,,6.5,,,,,,4.1,172.7,
2000-09-01,,,,,,6.52,,,,,,3.9,173.6,
2000-10-01,14229765000000.0,601776500000.0,1729651500000.0,3210.083,94.835,6.51,88.514,1113.177,1524.52,13358800.0,12098.999,3.9,173.9,187.559
2000-11-01,,,,,,6.51,,,,,,3.9,174.2,
2000-12-01,,,,,,6.4,,,,,,3.9,174.6,
2001-01-01,14183120000000.0,600710250000.0,1748824500000.0,3280.819,94.791,5.98,89.64,1096.812,1499.464,11811634.0,11791.555,4.2,175.6,154.94
2001-02-01,,,,,,5.49,,,,,,4.2,176.0,
2001-03-01,,,,,,5.31,,,,,,4.3,176.1,
2001-04-01,14271694000000.0,600877750000.0,1760562500000.0,3358.217,93.869,4.8,89.371,1058.013,1422.028,12677495.0,11934.097,4.4,176.4,148.655
2001-05-01,,,,,,4.21,,,,,,4.3,177.3,
2001-06-01,,,,,,3.97,,,,,,4.5,177.7,
2001-07-01,14214516000000.0,594626750000.0,1767584250000.0,3377.367,92.746,3.77,89.215,998.902,1369.536,10654425.0,11731.181,4.6,177.4,130.945
2001-08-01,,,,,,3.65,,,,,,4.9,177.4,
2001-09-01,,,,,,3.07,,,,,,5.0,178.1,
2001-10-01,14253574000000.0,588794000000.0,1796830000000.0,3436.53,91.693,2.49,90.135,953.52,1323.208,12004709.0,11197.351,5.3,177.6,115.785
2001-11-01,,,,,,2.09,,,,,,5.5,177.5,
2001-12-01,,,,,,1.82,,,,,,5.7,177.4,
2002-01-01,14372785000000.0,586771000000.0,1804428750000.0,3508.647,90.932,1.73,90.229,969.157,1356.041,12058507.0,11317.023,5.7,177.7,115.523
2002-02-01,,,,,,1.74,,,,,,5.7,178.0,
2002-03-01,,,,,,1.73,,,,,,5.7,178.5,
2002-04-01,14460848000000.0,587640750000.0,1826988750000.0,3554.587,91.131,1.75,90.317,1004.154,1432.413,10469622.0,11150.952,5.9,179.3,119.873
2002-05-01,,,,,,1.75,,,,,,5.8,179.5,
2002-06-01,,,,,,1.75,,,,,,5.8,179.6,
2002-07-01,14519633000000.0,588707500000.0,1849283750000.0,3598.998,90.793,1.73,90.308,1015.56,1463.107,8705868.0,11076.185,5.8,180.0,126.493
2002-08-01,,,,,,1.74,,,,,,5.7,180.5,
2002-09-01,,,,,,1.75,,,,,,5.7,180.8,
2002-10-01,14537580000000.0,590999500000.0,1868239500000.0,3681.871,90.95,1.75,89.97,1003.046,1499.335,9306846.0,11048.713,5.7,181.2,141.963
2002-11-01,,,,,,1.34,,,,,,5.9,181.5,
2002-12-01,,,,,,1.24,,,,,,6.0,181.8,
2003-01-01,14614141000000.0,597812750000.0,1891790000000.0,3744.177,90.481,1.24,89.598,1004.201,1529.463,9042607.0,11294.032,5.8,182.6,161.534
2003-02-01,,,,,,1.26,,,,,,5.9,183.6,
2003-03-01,,,,,,1.25,,,,,,5.9,183.9,
2003-04-01,14743567000000.0,609291000000.0,1915364500000.0,3808.76,90.198,1.26,91.306,1007.465,1527.336,10392529.0,11522.803,6.0,183.2,160.9
2003-05-01,,,,,,1.26,,,,,,6.1,182.9,
2003-06-01,,,,,,1.22,,,,,,6.3,183.1,
2003-07-01,14988782000000.0,628234250000.0,1955231750000.0,3839.406,90.313,1.01,92.017,1037.31,1556.304,10788313.0,11478.328,6.2,183.7,180.308
2003-08-01,,,,,,1.03,,,,,,6.1,184.5,
2003-09-01,,,,,,1.01,,,,,,6.1,185.1,
2003-10-01,15162760000000.0,641845000000.0,1978363250000.0,3869.703,90.75,1.01,92.944,1091.682,1615.376,11955560.0,12322.453,6.0,184.9,200.39
2003-11-01,,,,,,1.0,,,,,,5.8,185.0,
2003-12-01,,,,,,0.98,,,,,,5.7,185.5,
2004-01-01,15248680000000.0,645587000000.0,2012194250000.0,3947.702,91.152,1.0,91.96,1133.669,1699.644,12344447.0,12835.35,5.7,186.3,209.161
2004-02-01,,,,,,1.01,,,,,,5.6,186.7,
2004-03-01,,,,,,1.0,,,,,,5.8,187.1,
2004-04-01,15366850000000.0,667972250000.0,2036777000000.0,3982.852,91.25,1.0,92.999,1170.152,1787.734,12641773.0,13334.19,5.6,187.4,225.965
2004-05-01,,,,,,1.0,,,,,,5.6,188.2,
2004-06-01,,,,,,1.03,,,,,,5.6,188.9,
2004-07-01,15512619000000.0,686050000000.0,2070833750000.0,4050.203,91.761,1.26,94.133,1180.185,1832.856,12361872.0,13821.098,5.5,189.1,244.456
2004-08-01,,,,,,1.43,,,,,,5.4,189.2,
2004-09-01,,,,,,1.61,,,,,,5.4,189.8,
2004-10-01,15670880000000.0,703780250000.0,2112155250000.0,4093.92,92.289,1.76,93.466,1221.444,1921.78,13535737.0,14382.696,5.5,190.8,249.235
2004-11-01,,,,,,1.93,,,,,,5.4,191.7,
2004-12-01,,,,,,2.16,,,,,,5.4,191.7,
2005-01-01,15844727000000.0,721288000000.0,2137933750000.0,4201.029,92.529,2.28,93.591,1258.408,1955.063,13484670.0,14697.481,5.3,191.6,315.292
2005-02-01,,,,,,2.5,,,,,,5.4,192.4,
2005-03-01,,,,,,2.63,,,,,,5.2,193.1,
2005-04-01,15922782000000.0,739467500000.0,2175286250000.0,4240.85,93.022,2.79,93.55,1294.853,2002.063,13760414.0,14982.148,5.2,193.7,306.06
2005-05-01,,,,,,3.0,,,,,,5.1,193.6,
2005-06-01,,,,,,3.04,,,,,,5.0,193.7,
2005-07-01,16047587000000.0,759013500000.0,2217022250000.0,4375.914,93.241,3.26,93.39,1302.315,2053.275,14257356.0,15535.79,5.0,194.9,311.917
2005-08-01,,,,,,3.5,,,,,,4.9,196.1,
2005-09-01,,,,,,3.62,,,,,,5.0,198.8,
2005-10-01,16136734000000.0,770724000000.0,2238823750000.0,4393.619,93.858,3.78,93.051,1350.743,2155.529,14247347.0,16208.325,5.0,199.1,344.693
2005-11-01,,,,,,4.0,,,,,,5.0,198.1,
2005-12-01,,,,,,4.16,,,,,,4.9,198.1,
2006-01-01,16353835000000.0,792802500000.0,2275038250000.0,4456.559,94.86,4.29,94.327,1413.966,2204.784,15248415.0,16726.162,4.7,199.3,357.206
2006-02-01,,,,,,4.49,,,,,,4.8,199.4,
2006-03-01,,,,,,4.59,,,,,,4.7,199.7,
2006-04-01,16396151000000.002,796388000000.0,2306912250000.0,4508.744,95.078,4.79,93.625,1459.767,2253.809,14756606.0,17157.046,4.7,200.7,367.265
2006-05-01,,,,,,4.94,,,,,,4.6,201.3,
2006-06-01,,,,,,4.99,,,,,,4.6,201.8,
2006-07-01,16420738000000.002,795185750000.0,2338443000000.0,4557.261,95.45,5.24,93.004,1475.417,2298.702,15159010.0,17691.832,4.7,202.9,384.807
2006-08-01,,,,,,5.25,,,,,,4.7,203.8,
2006-09-01,,,,,,5.25,,,,,,4.5,202.8,
2006-10-01,16561866000000.002,798481750000.0,2356842000000.0,4555.974,95.901,5.25,94.86,1531.531,2269.198,16005099.0,18347.971,4.4,201.9,354.554
2006-11-01,,,,,,5.25,,,,,,4.5,202.0,
2006-12-01,,,,,,5.24,,,,,,4.4,203.1,
2007-01-01,16611689999999.998,804301750000.0,2393034500000.0,4747.079,95.854,5.25,96.092,1577.991,2317.264,16677308.0,18807.509,4.6,203.437,354.45
2007-02-01,,,,,,5.26,,,,,,4.5,204.226,
2007-03-01,,,,,,5.26,,,,,,4.4,205.288,
2007-04-01,16713313999999.998,811659000000.0,2419678250000.0,4792.841,96.263,5.25,94.965,1622.764,2368.569,17412107.0,19667.564,4.5,205.904,347.737
2007-05-01,,,,,,5.25,,,,,,4.4,206.755,
2007-06-01,,,,,,5.25,,,,,,4.6,207.234,
2007-07-01,16809587000000.0,809255250000.0,2449595750000.0,4859.514,96.01,5.26,94.782,1685.71,2414.664,17598475.0,20043.229,4.7,207.603,314.617
2007-08-01,,,,,,5.02,,,,,,4.6,207.667,
2007-09-01,,,,,,4.94,,,,,,4.7,208.547,
2007-10-01,16915190999999.998,805868000000.0,2484285000000.0,4934.382,95.765,4.76,94.757,1750.714,2480.413,16901626.0,19935.709,4.7,209.19,296.157
2007-11-01,,,,,,4.49,,,,,,4.7,210.834,
2007-12-01,,,,,,4.24,,,,,,5.0,211.445,
2008-01-01,16843003000000.0,798004750000.0,2501111250000.0,4991.989,95.434,3.94,94.627,1813.321,2584.568,15623523.0,18407.507,5.0,212.174,241.721
2008-02-01,,,,,,2.98,,,,,,4.9,212.687,
2008-03-01,,,,,,2.61,,,,,,5.1,213.448,
2008-04-01,16943291000000.002,797608500000.0,2532467250000.0,5366.788,94.874,2.28,93.578,1905.282,2681.686,15451163.0,18277.502,5.0,213.942,227.113
2008-05-01,,,,,,1.98,,,,,,5.4,215.208,
2008-06-01,,,,,,2.0,,,,,,5.6,217.463,
2008-07-01,16854294999999.998,787952000000.0,2539769500000.0,5236.25,93.829,2.01,93.117,1922.215,2709.569,13834452.0,17002.056,5.8,219.016,211.528
2008-08-01,,,,,,2.0,,,,,,6.1,218.69,
2008-09-01,,,,,,1.81,,,,,,6.1,218.877,
2008-10-01,16485349999999.998,752884250000.0,2476735500000.0,5452.409,91.428,0.97,96.54,1700.304,2328.779,11029208.0,15262.772,6.5,216.995,127.48
2008-11-01,,,,,,0.39,,,,,,6.8,213.153,
2008-12-01,,,,,,0.16,,,,,,7.3,211.398,
2009-01-01,16298262000000.0,701480500000.0,2453742250000.0,5533.429,88.968,0.15,94.599,1511.768,1932.761,9942986.0,14427.579,7.8,211.933,122.734
2009-02-01,,,,,,0.22,,,,,,8.3,212.705,
2009-03-01,,,,,,0.18,,,,,,8.7,212.495,
2009-04-01,16269145000000.0,676545250000.0,2451375500000.0,5680.717,86.791,0.15,96.581,1521.093,1879.461,11329736.0,13669.99,9.0,212.709,138.944
2009-05-01,,,,,,0.18,,,,,,9.4,213.022,
2009-06-01,,,,,,0.21,,,,,,9.5,214.79,
2009-07-01,16326281000000.0,672591500000.0,2484851500000.0,5641.212,85.717,0.16,96.516,1594.725,2018.722,12954795.0,14313.963,9.5,214.726,159.402
2009-08-01,,,,,,0.16,,,,,,9.6,215.445,
2009-09-01,,,,,,0.15,,,,,,9.8,215.861,
2009-10-01,16502754000000.0,672727250000.0,2501249000000.0,5693.132,85.713,0.12,96.207,1703.508,2176.763,13625590.0,14265.765,10.0,216.509,190.77
2009-11-01,,,,,,0.12,,,,,,9.9,217.234,
2009-12-01,,,,,,0.12,,,,,,9.9,217.347,
2010-01-01,16582710000000.0,668144250000.0,2525455500000.0,5804.973,86.085,0.11,95.116,1759.877,2269.069,14204626.0,14595.789,9.8,217.488,204.712
2010-02-01,,,,,,0.13,,,,,,9.8,217.281,
2010-03-01,,,,,,0.16,,,,,,9.9,217.353,
2010-04-01,16743162000000.0,690028250000.0,2552036250000.0,5872.568,86.744,0.2,96.287,1819.741,2362.255,12750380.0,14627.897,9.9,217.403,212.162
2010-05-01,,,,,,0.2,,,,,,9.6,217.29,
2010-06-01,,,,,,0.18,,,,,,9.4,217.199,
2010-07-01,16872266000000.0,693253500000.0,2575188500000.0,5825.414,87.159,0.18,96.567,1877.253,2431.195,14139603.0,15210.359,9.4,217.605,227.111
2010-08-01,,,,,,0.19,,,,,,9.5,217.923,
2010-09-01,,,,,,0.19,,,,,,9.5,218.275,
2010-10-01,16960864000000.002,704633500000.0,2607576000000.0,5834.795,87.585,0.19,96.101,1972.116,2495.702,15537354.0,14001.064,9.4,219.035,233.562
2010-11-01,,,,,,0.19,,,,,,9.8,219.59,
2010-12-01,,,,,,0.18,,,,,,9.3,220.472,
2011-01-01,16920632000000.002,703309000000.0,2639548750000.0,5848.011,87.73,0.17,96.892,2040.407,2608.884,16533807.0,14628.677,9.1,221.187,228.874
2011-02-01,,,,,,0.16,,,,,,9.0,221.898,
2011-03-01,,,,,,0.14,,,,,,9.0,223.046,
2011-04-01,17035114000000.002,718146000000.0,2668254500000.0,5906.473,88.602,0.1,94.971,2116.132,2697.224,16483019.0,14598.607,9.1,224.093,227.162
2011-05-01,,,,,,0.09,,,,,,9.0,224.806,
2011-06-01,,,,,,0.09,,,,,,9.1,224.806,
2011-07-01,17031312999999.998,742496250000.0,2688757250000.0,5852.868,88.84,0.07,95.099,2156.793,2723.903,14158365.0,13457.635,9.0,225.395,201.742
2011-08-01,,,,,,0.1,,,,,,9.0,226.106,
2011-09-01,,,,,,0.08,,,,,,9.0,226.597,
2011-10-01,17222582999999.998,758967250000.0,2702296500000.0,5879.568,89.675,0.07,93.271,2150.123,2751.911,15536525.0,13980.895,8.8,226.75,238.033
2011-11-01,,,,,,0.08,,,,,,8.6,227.169,
2011-12-01,,,,,,0.07,,,,,,8.5,227.223,
2012-01-01,17367009999999.998,778578250000.0,2739825250000.0,5835.721,90.341,0.08,94.954,2189.981,2792.253,16926259.0,14463.525,8.3,227.842,261.54
2012-02-01,,,,,,0.1,,,,,,8.3,228.329,
2012-03-01,,,,,,0.13,,,,,,8.2,228.807,
2012-04-01,17444525000000.002,793139000000.0,2751263750000.0,5825.179,90.473,0.14,95.226,2215.586,2780.827,16451139.0,14265.023,8.2,229.187,275.518
2012-05-01,,,,,,0.16,,,,,,8.2,228.713,
2012-06-01,,,,,,0.16,,,,,,8.2,228.524,
2012-07-01,17469650000000.002,794779250000.0,2764848250000.0,5834.166,90.985,0.16,94.79,2227.734,2750.817,17621316.0,14764.061,8.2,228.59,280.818
2012-08-01,,,,,,0.13,,,,,,8.1,229.918,
2012-09-01,,,,,,0.14,,,,,,7.8,231.015,
2012-10-01,17489851999999.998,805076500000.0,2791425750000.0,5872.55,91.507,0.16,96.573,2237.498,2753.373,17410387.0,14784.777,7.8,231.638,280.925
2012-11-01,,,,,,0.16,,,,,,7.7,231.249,
2012-12-01,,,,,,0.16,,,,,,7.9,231.221,
2013-01-01,17662400000000.0,815120250000.0,2819416000000.0,5834.315,92.128,0.14,94.71,2255.929,2755.277,19600556.0,15164.168,8.0,231.679,298.004
2013-02-01,,,,,,0.15,,,,,,7.7,232.937,
2013-03-01,,,,,,0.14,,,,,,7.5,232.282,
2013-04-01,17709671000000.0,824270000000.0,2828920250000.0,5844.61,92.494,0.15,95.458,2261.403,2759.783,19956839.0,15383.455,7.6,231.797,292.92
2013-05-01,,,,,,0.11,,,,,,7.5,231.893,
2013-06-01,,,,,,0.09,,,,,,7.5,232.445,
2013-07-01,17860450000000.0,840040750000.0,2852089750000.0,5864.29,92.863,0.09,94.721,2285.116,2767.183,21039407.0,16430.409,7.3,232.9,300.576
2013-08-01,,,,,,0.08,,,,,,7.2,233.456,
2013-09-01,,,,,,0.08,,,,,,7.2,233.544,
2013-10-01,18016147000000.0,855250500000.0,2887807250000.0,5868.976,93.126,0.09,95.123,2349.24,2783.259,22574401.0,16981.314,7.2,233.669,302.225
2013-11-01,,,,,,0.08,,,,,,6.9,234.1,
2013-12-01,,,,,,0.09,,,,,,6.7,234.719,
2014-01-01,17953974000000.0,865609500000.0,2911500250000.0,5904.306,93.498,0.07,96.313,2343.602,2853.69,23400354.0,16941.687,6.6,235.288,337.427
2014-02-01,,,,,,0.07,,,,,,6.7,235.547,
2014-03-01,,,,,,0.08,,,,,,6.7,236.028,
2014-04-01,18185911000000.0,891820750000.0,2952612750000.0,5972.949,94.472,0.09,95.282,2395.168,2900.572,24483439.0,17769.707,6.2,236.468,358.973
2014-05-01,,,,,,0.09,,,,,,6.3,236.918,
2014-06-01,,,,,,0.1,,,,,,6.1,237.231,
2014-07-01,18406941000000.0,912115500000.0,2989947500000.0,6043.884,95.234,0.09,95.532,2399.191,2888.549,24287087.0,17701.557,6.2,237.498,329.614
2014-08-01,,,,,,0.09,,,,,,6.1,237.46,
2014-09-01,,,,,,0.09,,,,,,5.9,237.477,
2014-10-01,18500031000000.0,925973500000.0,3020390250000.0,6077.435,96.202,0.09,96.796,2376.218,2906.969,25269271.0,17746.675,5.7,237.43,332.584
2014-11-01,,,,,,0.09,,,,,,5.8,236.983,
2014-12-01,,,,,,0.12,,,,,,5.6,236.252,
2015-01-01,18666621000000.0,930157250000.0,3029940750000.0,6108.636,96.692,0.11,98.533,2299.045,2825.476,25454671.0,18257.457,5.7,234.747,345.413
2015-02-01,,,,,,0.11,,,,,,5.5,235.342,
2015-03-01,,,,,,0.11,,,,,,5.4,235.976,
2015-04-01,18782243000000.0,943137000000.0,3066035000000.0,6059.634,96.951,0.12,98.733,2300.441,2809.968,25152624.0,18507.027,5.4,236.222,350.684
2015-05-01,,,,,,0.12,,,,,,5.6,237.001,
2015-06-01,,,,,,0.13,,,,,,5.3,237.657,
2015-07-01,18857418000000.0,953616750000.0,3095623500000.0,6226.8,97.079,0.13,98.954,2260.724,2798.806,23246280.0,17845.301,5.2,238.034,324.673
2015-08-01,,,,,,0.14,,,,,,5.1,238.033,
2015-09-01,,,,,,0.14,,,,,,5.0,237.498,
2015-10-01,18892206000000.0,950879000000.0,3105838250000.0,6247.224,97.779,0.12,98.765,2222.279,2745.517,24330184.0,17825.959,5.0,237.733,295.581
2015-11-01,,,,,,0.12,,,,,,5.1,238.017,
2015-12-01,,,,,,0.24,,,,,,5.0,237.761,
2016-01-01,19001690000000.0,957711000000.0,3130789000000.0,6313.945,98.027,0.34,98.857,2181.957,2693.639,24744665.0,17605.149,4.8,237.652,310.829
2016-02-01,,,,,,0.38,,,,,,4.9,237.336,
2016-03-01,,,,,,0.36,,,,,,5.0,238.08,
2016-04-01,19062709000000.0,965635250000.0,3166281000000.0,6317.603,98.285,0.37,98.413,2221.936,2711.306,25238539.0,18176.71,5.1,238.992,314.735
2016-05-01,,,,,,0.37,,,,,,4.8,239.557,
2016-06-01,,,,,,0.38,,,,,,4.9,240.222,
2016-07-01,19197938000000.0,975784250000.0,3199281500000.0,6406.46,98.755,0.39,98.429,2270.0,2751.229,25822200.0,18965.576,4.8,240.101,322.641
2016-08-01,,,,,,0.4,,,,,,4.9,240.545,
2016-09-01,,,,,,0.4,,,,,,5.0,241.176,
2016-10-01,19304352000000.0,989763250000.0,3230497250000.0,6454.322,98.85,0.4,98.869,2268.339,2799.145,25849000.0,19038.76,4.9,241.741,299.247
2016-11-01,,,,,,0.41,,,,,,4.7,242.026,
2016-12-01,,,,,,0.54,,,,,,4.7,242.637,
2017-01-01,19398343000000.0,1004995250000.0,3274326500000.0,6497.531,99.19,0.65,99.157,2339.728,2873.148,27251428.0,19476.249,4.7,243.618,211.766
2017-02-01,,,,,,0.66,,,,,,4.6,244.006,
2017-03-01,,,,,,0.79,,,,,,4.4,243.892,
2017-04-01,19506949000000.0,1020540000000.0,3297182500000.0,6527.353,99.816,0.9,99.657,2349.681,2903.18,27673785.0,20760.579,4.4,244.193,225.749
2017-05-01,,,,,,0.91,,,,,,4.4,244.004,
2017-06-01,,,,,,1.04,,,,,,4.3,244.163,
2017-07-01,19660766000000.0,1032079500000.0,3331266250000.0,6635.02,100.06,1.15,100.44,2384.524,2916.022,28437442.0,21180.091,4.3,244.243,241.489
2017-08-01,,,,,,1.16,,,,,,4.4,245.183,
2017-09-01,,,,,,1.15,,,,,,4.3,246.435,
2017-10-01,19882352000000.0,1058802500000.0,3387850250000.0,6693.791,100.691,1.15,100.985,2479.107,3034.004,29975461.0,21951.503,4.2,246.626,242.376
2017-11-01,,,,,,1.16,,,,,,4.2,247.284,
2017-12-01,,,,,,1.3,,,,,,4.1,247.805,
2018-01-01,20044077000000.0,1080791500000.0,3436268500000.0,6788.117,101.225,1.41,100.796,2517.268,3093.299,29699602.0,21924.061,4.0,248.859,215.492
2018-02-01,,,,,,1.42,,,,,,4.1,249.529,
2018-03-01,,,,,,1.51,,,,,,4.0,249.577,
2018-04-01,20150476000000.0,1099424000000.0,3472823500000.0,6899.997,101.739,1.69,100.763,2562.172,3105.995,30827060.0,22091.77,4.0,250.227,229.09
2018-05-01,,,,,,1.7,,,,,,3.8,250.792,
2018-06-01,,,,,,1.82,,,,,,4.0,251.018,
2018-07-01,20276154000000.0,1107648000000.0,3500549750000.0,6987.389,102.18,1.91,101.313,2535.501,3153.747,32587603.0,22322.884,3.8,251.214,225.544
2018-08-01,,,,,,1.91,,,,,,3.8,251.663,
2018-09-01,,,,,,1.95,,,,,,3.7,252.182,
2018-10-01,20304874000000.0,1111147750000.0,3524799750000.0,7070.96,102.497,2.19,101.253,2537.415,3171.622,27829880.0,21131.32,3.8,252.772,229.696
2018-11-01,,,,,,2.2,,,,,,3.8,252.594,
2018-12-01,,,,,,2.27,,,,,,3.9,252.767,
2019-01-01,20415150000000.0,1124950000000.0,3537000750000.0,7216.717,102.52,2.4,103.397,2540.244,3132.539,31947435.0,22434.143,4.0,252.561,197.363
2019-02-01,,,,,,2.4,,,,,,3.8,253.319,
2019-03-01,,,,,,2.41,,,,,,3.8,254.277,
2019-04-01,20584528000000.0,1147182750000.0,3584191000000.0,7298.921,102.86,2.42,102.626,2547.448,3165.41,32743269.0,23632.466,3.7,255.233,205.603
2019-05-01,,,,,,2.39,,,,,,3.6,255.296,
2019-06-01,,,,,,2.38,,,,,,3.6,255.213,
2019-07-01,20817581000000.0,1162726250000.0,3629431500000.0,7393.724,103.146,2.4,102.331,2532.405,3117.952,32919889.0,23707.508,3.7,255.802,206.911
2019-08-01,,,,,,2.13,,,,,,3.6,256.036,
2019-09-01,,,,,,2.04,,,,,,3.5,256.43,
2019-10-01,20951088000000.0,1160345250000.0,3666991000000.0,7489.057,102.899,1.83,103.377,2537.466,3050.824,35224711.0,24469.824,3.6,257.155,231.928
2019-11-01,,,,,,1.55,,,,,,3.6,257.879,
2019-12-01,,,,,,1.55,,,,,,3.6,258.63,
2020-01-01,20665553000000.0,1161289500000.0,3618280500000.0,7547.32,101.186,1.55,105.672,2416.181,2929.759,28124229.0,22672.226,3.6,258.906,191.468
2020-02-01,,,,,,1.58,,,,,,3.5,259.246,
2020-03-01,,,,,,0.65,,,,,,4.4,258.15,
2020-04-01,19034830000000.0,1090823750000.0,3292236000000.0,10844.54,87.478,0.05,112.645,1814.401,2350.926,34679663.0,23604.109,14.8,256.126,199.614
2020-05-01,,,,,,0.05,,,,,,13.2,255.848,
2020-06-01,,,,,,0.08,,,,,,11.0,257.004,
2020-07-01,20511785000000.0,1153169250000.0,3614043750000.0,9810.056,94.765,0.09,109.597,2105.083,2801.482,38230479.0,24883.908,10.2,258.408,258.614
2020-08-01,,,,,,0.1,,,,,,8.4,259.366,
2020-09-01,,,,,,0.09,,,,,,7.8,259.951,
2020-10-01,20724128000000.0,1197107750000.0,3681671250000.0,8560.619,96.844,0.09,111.648,2268.891,3027.199,43921162.0,26812.133,6.8,260.249,251.238
2020-11-01,,,,,,0.09,,,,,,6.7,260.895,
2020-12-01,,,,,,0.09,,,,,,6.7,262.005,
2021-01-01,20990541000000.0,1224811750000.0,3804421250000.0,11186.668,97.779,0.09,110.733,2381.224,3176.982,46582026.0,27795.797,6.4,262.518,289.949
2021-02-01,,,,,,0.08,,,,,,6.2,263.583,
2021-03-01,,,,,,0.07,,,,,,6.1,264.91,
2021-04-01,21309544000000.0,1249397750000.0,3987715750000.0,9616.591,99.55,0.07,110.29,2505.032,3340.114,50216687.0,29268.954,6.1,266.752,343.86
2021-05-01,,,,,,0.06,,,,,,5.8,268.452,
2021-06-01,,,,,,0.08,,,,,,5.9,270.664,
2021-07-01,21483083000000.0,1263317000000.0,4071278250000.0,9268.372,101.013,0.1,109.995,2570.103,3458.783,50055802.0,30910.937,5.4,271.994,344.528
2021-08-01,,,,,,0.09,,,,,,5.1,272.789,
2021-09-01,,,,,,0.08,,,,,,4.7,273.887,
2021-10-01,21847602000000.0,1293838500000.0,4179548750000.0,8877.427,102.531,0.08,109.239,2765.36,3685.956,53564892.0,32486.915,4.5,276.434,357.933
2021-11-01,,,,,,0.08,,,,,,4.1,278.799,
2021-12-01,,,,,,0.08,,,,,,3.9,280.808,
2022-01-01,21738871000000.0,1341494500000.0,4257658500000.0,8404.103,103.333,0.08,107.253,2848.698,3925.742,50903629.0,31640.314,4.0,282.39,379.616
2022-02-01,,,,,,0.08,,,,,,3.8,284.535,
2022-03-01,,,,,,0.2,,,,,,3.6,287.553,
2022-04-01,21708160000000.0,1369349750000.0,4353778750000.001,8902.328,104.026,0.33,104.865,3071.551,4093.663,42120591.0,30048.052,3.7,288.764,417.137
2022-05-01,,,,,,0.77,,,,,,3.6,291.359,
2022-06-01,,,,,,1.21,,,,,,3.6,294.996,
2022-07-01,21851134000000.0,1381159250000.0,4421047250000.0,8985.644,104.748,1.68,105.334,3102.55,3988.447,40187859.0,29553.522,3.5,294.977,402.165
2022-08-01,,,,,,2.33,,,,,,3.6,295.209,
2022-09-01,,,,,,2.56,,,,,,3.5,296.341,
2022-10-01,21989981000000.0,1384095750000.0,4479259750000.0,9287.529,104.953,3.08,104.389,3046.718,3897.402,41681022.0,30794.266,3.6,297.863,406.896
2022-11-01,,,,,,3.78,,,,,,3.6,298.648,
2022-12-01,,,,,,4.1,,,,,,3.5,298.812,
2023-01-01,22112329000000.0,1410987250000.0,4567392250000.0,9521.912,105.512,4.33,104.406,3060.562,3874.21,45261213.0,31561.621,3.4,300.356,434.272
2023-02-01,,,,,,4.57,,,,,,3.6,301.509,
2023-03-01,,,,,,4.65,,,,,,3.5,301.744,
2023-04-01,22225350000000.0,1434020500000.0,4604751750000.0,9751.376,105.177,4.83,105.253,2995.524,3799.003,48751206.0,32449.898,3.4,303.032,429.432
2023-05-01,,,,,,5.06,,,,,,3.7,303.365,
2023-06-01,,,,,,5.08,,,,,,3.6,304.003,
2023-07-01,22490692000000.0,1454418750000.0,4669874000000.0,9866.83,105.473,5.12,105.659,3062.041,3843.132,46750879.0,31770.734,3.5,304.628,451.895
2023-08-01,,,,,,5.33,,,,,,3.8,306.187,
2023-09-01,,,,,,5.33,,,,,,3.8,307.288,
2023-10-01,,,,9791.775,105.535,5.33,106.018,3091.748,3882.899,51221222.0,31864.777,3.8,307.531,464.816
2023-11-01,,,,,,5.33,,,,,,3.7,308.024,
2023-12-01,,,,,,5.33,,,,,,3.7,308.742,
2024-01-01,,,,10018.987,105.696,5.33,107.394,3125.421,3966.989,55716961.0,32466.118,3.7,309.685,459.875
2024-02-01,,,,,,5.33,,,,,,3.9,311.054,
2024-03-01,,,,,,5.33,,,,,,3.8,312.23,
2024-04-01,,,,10158.26,105.936,5.33,107.848,3154.321,4061.192,57122566.0,32494.204,3.9,313.207,493.398
2024-05-01,,,,,,5.33,,,,,,4.0,313.225,
2024-06-01,,,,,,5.33,,,,,,4.1,313.049,
2024-07-01,,,,10387.739,106.253,5.33,108.637,3210.729,4161.259,,,4.3,313.534,
2024-08-01,,,,,,5.33,,,,,,4.2,314.121,
2024-09-01,,,,,,5.13,,,,,,4.1,314.686,
2024-10-01,,,,,,4.83,,,,,,4.1,315.454,
